{"cameraMode":{"drawMode":0,"name":"Shaded","section":"Shading Mode"},"sceneLighting":true,"audioPlay":false,"sceneViewState":{"showFog":true,"showMaterialUpdate":false,"showSkybox":true,"showFlares":true,"showImageEffects":true,"showParticleSystems":true},"in2DMode":false,"pivot":{"x":20.425615310668947,"y":-2.791386365890503,"z":0.4395313262939453},"rotation":{"x":-0.06386985629796982,"y":-0.6552218198776245,"z":0.055780522525310519,"w":-0.7506986260414124},"size":22.0,"orthographic":false}