{"cameraMode":{"drawMode":0,"name":"Shaded","section":"Shading Mode"},"sceneLighting":false,"audioPlay":false,"sceneViewState":{"showFog":true,"showMaterialUpdate":false,"showSkybox":false,"showFlares":true,"showImageEffects":true,"showParticleSystems":true},"in2DMode":false,"pivot":{"x":-3.5717759132385256,"y":-1.8603992462158204,"z":0.2324763536453247},"rotation":{"x":0.06198136508464813,"y":-0.5184284448623657,"z":-0.037687599658966067,"w":-0.8520744442939758},"size":2.1105353832244875,"orthographic":false}